dataset,window_size,n_estimators,max_depth,train_accuracy,accuracy,precision,recall,f1,roc_auc,tn,fp,fn,tp,avg_nodes_per_tree,total_nodes,avg_leaves_per_tree,total_leaves,model_file,feature_list_file
ws4,4,1,2,0.7930694055103148,0.7928472097246536,0.6048911141209234,0.8747455407739962,0.715210457892677,0.8809893249428992,162810,51926,11383,79496,7.0,7,4.0,4,random_forest_ws4_trees1_depth2.pkl,feature_list_ws4_trees1_depth2.txt
ws4,4,1,4,0.9718482286470742,0.9714706411661731,0.9853267803979018,0.9177257672289528,0.9503255983546316,0.9669999545811776,213494,1242,7477,83402,31.0,31,16.0,16,random_forest_ws4_trees1_depth4.pkl,feature_list_ws4_trees1_depth4.txt
ws4,4,1,8,0.9834160474211856,0.9830113050733766,0.984353626137584,0.9580981304811893,0.971048434764183,0.9863550600164644,213352,1384,3808,87071,339.0,339,170.0,170,random_forest_ws4_trees1_depth8.pkl,feature_list_ws4_trees1_depth8.txt
ws4,4,1,16,0.9868629741452449,0.9833254257808026,0.9795293196936665,0.9640731081988138,0.9717397573257026,0.9858917167026366,212905,1831,3265,87614,5999.0,5999,3000.0,3000,random_forest_ws4_trees1_depth16.pkl,feature_list_ws4_trees1_depth16.txt
ws4,4,1,32,0.9911134358623417,0.9785089082669371,0.9658941458616536,0.9616853178402051,0.9637851369085034,0.9736208857990761,211650,3086,3482,87397,25293.0,25293,12647.0,12647,random_forest_ws4_trees1_depth32.pkl,feature_list_ws4_trees1_depth32.txt
ws4,4,5,2,0.8651393425036356,0.864496179834105,0.7274909632736404,0.8703330802495626,0.7925271289866835,0.9373470533139026,185108,29628,11784,79095,7.0,35,4.0,20,random_forest_ws4_trees5_depth2.pkl,feature_list_ws4_trees5_depth2.txt
ws4,4,5,4,0.9726629822787579,0.9723181126580829,0.9865290846625188,0.9194643426974328,0.9518168356304818,0.9843329176763038,213595,1141,7319,83560,29.8,149,15.4,77,random_forest_ws4_trees5_depth4.pkl,feature_list_ws4_trees5_depth4.txt
ws4,4,5,8,0.9844173109203631,0.984048557826023,0.9903418550023946,0.9556773291959638,0.9727008517334259,0.9923830745454767,213889,847,4028,86851,329.4,1647,165.2,826,random_forest_ws4_trees5_depth8.pkl,feature_list_ws4_trees5_depth8.txt
ws4,4,5,16,0.9892132789416336,0.9858383914402107,0.9880787232842723,0.9640070863455804,0.9758944882591454,0.9942074987767414,213679,1057,3271,87608,6087.8,30439,3044.4,15222,random_forest_ws4_trees5_depth16.pkl,feature_list_ws4_trees5_depth16.txt
ws4,4,5,32,0.9962978492467385,0.9845099226150549,0.9845323134034535,0.9630387658314902,0.9736669373769288,0.9865440892162488,213361,1375,3359,87520,25567.8,127839,12784.4,63922,random_forest_ws4_trees5_depth32.pkl,feature_list_ws4_trees5_depth32.txt
ws4,4,10,2,0.8753483036717202,0.8747640004580927,0.7363483605452569,0.9017044641776428,0.8106803320043924,0.9438996533771946,185395,29341,8933,81946,7.0,70,4.0,40,random_forest_ws4_trees10_depth2.pkl,feature_list_ws4_trees10_depth2.txt
ws4,4,10,4,0.9806913205599783,0.9806815764933003,0.9902837558707116,0.9442995631554044,0.9667451475177146,0.9869913240692176,213894,842,5062,85817,30.0,300,15.5,155,random_forest_ws4_trees10_depth4.pkl,feature_list_ws4_trees10_depth4.txt
ws4,4,10,8,0.9846500976722727,0.9844084878032819,0.9906109705795219,0.9566346460678484,0.9733263920376621,0.9928965990970231,213912,824,3941,86938,316.4,3164,158.7,1587,random_forest_ws4_trees10_depth8.pkl,feature_list_ws4_trees10_depth8.txt
ws4,4,10,16,0.9894530773426972,0.9861786888732555,0.9890954654746181,0.9641501336942528,0.9764635084082779,0.9946204312345253,213770,966,3258,87621,6309.8,63098,3155.4,31554,random_forest_ws4_trees10_depth16.pkl,feature_list_ws4_trees10_depth16.txt
ws4,4,10,32,0.9969653582461903,0.9853770266511788,0.9885785366956915,0.9619384016109332,0.9750765438433096,0.9885478911193399,213726,1010,3459,87420,25586.2,255862,12793.6,127936,random_forest_ws4_trees10_depth32.pkl,feature_list_ws4_trees10_depth32.txt
ws4,4,25,2,0.8577953411798361,0.8573597500122704,0.7002320500008469,0.9098031448409424,0.7913781304287485,0.9551278378366398,179340,35396,8197,82682,7.0,175,4.0,100,random_forest_ws4_trees25_depth2.pkl,feature_list_ws4_trees25_depth2.txt
ws4,4,25,4,0.9812704827800909,0.981463606171163,0.9916230124847114,0.9456530111466895,0.968092596243206,0.9885504037515578,214010,726,4939,85940,30.04,751,15.52,388,random_forest_ws4_trees25_depth4.pkl,feature_list_ws4_trees25_depth4.txt
ws4,4,25,8,0.9848436191889205,0.9845884527919114,0.9906950787558512,0.9571628208937158,0.9736403219126717,0.99310353778317,213919,817,3893,86986,301.8,7545,151.4,3785,random_forest_ws4_trees25_depth8.pkl,feature_list_ws4_trees25_depth8.txt
ws4,4,25,16,0.9895203891745746,0.9863979189503133,0.989578628850149,0.9644142211071864,0.9768343856403283,0.9948256450161287,213813,923,3234,87645,6423.88,160597,3212.44,80311,random_forest_ws4_trees25_depth16.pkl,feature_list_ws4_trees25_depth16.txt
ws4,4,25,32,0.998349457789171,0.9857696775354613,0.9885719448020417,0.9632808459600127,0.9757625408927009,0.9906500115565706,213724,1012,3337,87542,25599.56,639989,12800.28,320007,random_forest_ws4_trees25_depth32.pkl,feature_list_ws4_trees25_depth32.txt
ws4,4,50,2,0.9230247132586078,0.9223172946354073,0.8390260159974146,0.9141495835121425,0.8749782774691277,0.9710720513135738,198797,15939,7802,83077,7.0,350,4.0,200,random_forest_ws4_trees50_depth2.pkl,feature_list_ws4_trees50_depth2.txt
ws4,4,50,4,0.980687113570486,0.980779739214371,0.9893726036545348,0.9455209674402227,0.966949867776965,0.9887933933859179,213813,923,4951,85928,29.68,1484,15.34,767,random_forest_ws4_trees50_depth4.pkl,feature_list_ws4_trees50_depth4.txt
ws4,4,50,8,0.9847286281427965,0.984529555159269,0.9907714393136685,0.9568877298385766,0.9735348446683459,0.9930411293055704,213926,810,3918,86961,297.6,14880,149.3,7465,random_forest_ws4_trees50_depth8.pkl,feature_list_ws4_trees50_depth8.txt
ws4,4,50,16,0.9895540450905134,0.9864175514945275,0.9898447913607302,0.9642161555474862,0.9768624062874501,0.9948921263622261,213837,899,3252,87627,6188.2,309410,3094.6,154730,random_forest_ws4_trees50_depth16.pkl,feature_list_ws4_trees50_depth16.txt
ws4,4,50,32,0.9987252821838202,0.9859660029776025,0.9895298613780783,0.962994751262668,0.9760819982043375,0.9917665523650933,213810,926,3363,87516,25467.52,1273376,12734.26,636713,random_forest_ws4_trees50_depth32.pkl,feature_list_ws4_trees50_depth32.txt
ws8,8,1,2,0.8860844653499207,0.8857595102297107,0.7999443992985757,0.8218067577661584,0.8107282184655397,0.8903520269851559,98015,9355,8111,37407,7.0,7,4.0,4,random_forest_ws8_trees1_depth2.pkl,feature_list_ws8_trees1_depth2.txt
ws8,8,1,4,0.9799376573283474,0.9795013343100832,0.9963462619449128,0.9345753328353619,0.9644727594259415,0.9740349584209187,107214,156,2978,42540,19.0,19,10.0,10,random_forest_ws8_trees1_depth4.pkl,feature_list_ws8_trees1_depth4.txt
ws8,8,1,8,0.9873604718308675,0.9871016691957512,0.9983520256351568,0.9582582714530515,0.9778943592502914,0.9842093567676627,107298,72,1900,43618,141.0,141,71.0,71,random_forest_ws8_trees1_depth8.pkl,feature_list_ws8_trees1_depth8.txt
ws8,8,1,16,0.9915007652675073,0.9901300298257548,0.9924800250665831,0.9742299749549629,0.9832703245047063,0.991782241163358,107034,336,1173,44345,1205.0,1205,603.0,603,random_forest_ws8_trees1_depth16.pkl,feature_list_ws8_trees1_depth16.txt
ws8,8,1,32,0.9947160100690142,0.9860551514834388,0.9773987676056338,0.9757238894503274,0.9765606103916094,0.9835482057473397,106343,1027,1105,44413,8211.0,8211,4106.0,4106,random_forest_ws8_trees1_depth32.pkl,feature_list_ws8_trees1_depth32.txt
ws8,8,5,2,0.8851173690495546,0.8848176442886296,0.79936497039389,0.8185772661364735,0.8088570498209052,0.9539867310029834,98018,9352,8258,37260,7.0,35,4.0,20,random_forest_ws8_trees5_depth2.pkl,feature_list_ws8_trees5_depth2.txt
ws8,8,5,4,0.9800553907910007,0.9796125268170164,0.9975825568568545,0.9337844369260513,0.9646297872340426,0.9827516631245852,107267,103,3014,42504,19.8,99,10.4,52,random_forest_ws8_trees5_depth4.pkl,feature_list_ws8_trees5_depth4.txt
ws8,8,5,8,0.988854565535491,0.9885471717858825,0.9989739380258568,0.9625203216310031,0.9804083916083917,0.9937499720447067,107325,45,1706,43812,148.2,741,74.6,373,random_forest_ws8_trees5_depth8.pkl,feature_list_ws8_trees5_depth8.txt
ws8,8,5,16,0.9927061316708621,0.9913596881377217,0.9955820681303402,0.9753064721648579,0.9853399771387986,0.9954843001170925,107173,197,1124,44394,1692.2,8461,846.6,4233,random_forest_ws8_trees5_depth16.pkl,feature_list_ws8_trees5_depth16.txt
ws8,8,5,32,0.9978695849615123,0.990509392496468,0.99310699818723,0.9748890548793884,0.9839137038392035,0.9906802515907221,107062,308,1143,44375,8318.6,41593,4159.8,20799,random_forest_ws8_trees5_depth32.pkl,feature_list_ws8_trees5_depth32.txt
ws8,8,10,2,0.8860564335730985,0.8857464287583068,0.7999615022670887,0.8217188804429018,0.8106942367297397,0.9573915404297704,98017,9353,8115,37403,7.0,70,4.0,40,random_forest_ws8_trees10_depth2.pkl,feature_list_ws8_trees10_depth2.txt
ws8,8,10,4,0.9853505934327154,0.9849824708283188,0.9973076215022091,0.9521288281558944,0.9741947085665476,0.9892993134122718,107253,117,2179,43339,22.8,228,11.9,119,random_forest_ws8_trees10_depth4.pkl,feature_list_ws8_trees10_depth4.txt
ws8,8,10,8,0.9895861949105506,0.9892535712416932,0.9991808314560721,0.9646952853816073,0.981635276365059,0.9948159947924766,107334,36,1607,43911,170.2,1702,85.6,856,random_forest_ws8_trees10_depth8.pkl,feature_list_ws8_trees10_depth8.txt
ws8,8,10,16,0.9929023541086175,0.9914447177018471,0.9959169022299995,0.9752625335032294,0.9854815077920348,0.9959229885927714,107188,182,1126,44392,1909.2,19092,955.1,9551,random_forest_ws8_trees10_depth16.pkl,feature_list_ws8_trees10_depth16.txt
ws8,8,10,32,0.9983769601219943,0.9911111401810475,0.9956895584042386,0.974361790939848,0.9849102275124638,0.9919894124440076,107178,192,1167,44351,8437.6,84376,4219.3,42193,random_forest_ws8_trees10_depth32.pkl,feature_list_ws8_trees10_depth32.txt
ws8,8,25,2,0.8560428101295628,0.8550115116948355,0.6946662887440186,0.9153301990421372,0.7898762974548557,0.9662163329315178,89057,18313,3854,41664,7.0,175,4.0,100,random_forest_ws8_trees25_depth2.pkl,feature_list_ws8_trees25_depth2.txt
ws8,8,25,4,0.9844844115289092,0.984001360473026,0.9972064459528097,0.9489213058570236,0.9724648775216138,0.9905716963535407,107249,121,2325,43193,24.6,615,12.8,320,random_forest_ws8_trees25_depth4.pkl,feature_list_ws8_trees25_depth4.txt
ws8,8,25,8,0.9898889381002304,0.9895152006697714,0.9992042741843811,0.9655520892833604,0.9820899858105315,0.9951196796125547,107335,35,1568,43950,197.0,4925,99.0,2475,random_forest_ws8_trees25_depth8.pkl,feature_list_ws8_trees25_depth8.txt
ws8,8,25,16,0.9930705447695508,0.9915755324158861,0.9964085297418631,0.9752185948416011,0.9856996935648621,0.9962009500416845,107210,160,1128,44390,2016.12,50403,1008.56,25214,random_forest_ws8_trees25_depth16.pkl,feature_list_ws8_trees25_depth16.txt
ws8,8,25,32,0.999276780157987,0.9912681178378944,0.9956918796418875,0.9748890548793884,0.985180662707443,0.9935868927833594,107178,192,1143,44375,8468.2,211705,4234.6,105865,random_forest_ws8_trees25_depth32.pkl,feature_list_ws8_trees25_depth32.txt
ws8,8,50,2,0.9035678845539303,0.903347548532259,0.7948437589917707,0.9103211916165034,0.8486722854304704,0.971469886202222,96675,10695,4082,41436,7.0,350,4.0,200,random_forest_ws8_trees50_depth2.pkl,feature_list_ws8_trees50_depth2.txt
ws8,8,50,4,0.9848488246275978,0.984537700800586,0.9989593932106188,0.9490531218419087,0.9733669813658998,0.9906626967920149,107325,45,2319,43199,24.92,1246,12.96,648,random_forest_ws8_trees50_depth4.pkl,feature_list_ws8_trees50_depth4.txt
ws8,8,50,8,0.9900431128727526,0.9897310449479357,0.9991821899136756,0.9662990465310427,0.9824655453550448,0.9952719303284485,107334,36,1534,43984,193.56,9678,97.28,4864,random_forest_ws8_trees50_depth8.pkl,feature_list_ws8_trees50_depth8.txt
ws8,8,50,16,0.9930060716828597,0.9915101250588666,0.9960290752456589,0.9753723801573004,0.9855925054388847,0.9962337673562164,107193,177,1121,44397,1969.2,98460,985.1,49255,random_forest_ws8_trees50_depth16.pkl,feature_list_ws8_trees50_depth16.txt
ws8,8,50,32,0.9995767201699847,0.9913008215164042,0.9957368515526835,0.9749549628718309,0.9852363297293697,0.994534680140682,107180,190,1140,44378,8459.88,422994,4230.44,211522,random_forest_ws8_trees50_depth32.pkl,feature_list_ws8_trees50_depth32.txt
ws16,16,1,2,0.9330439652758331,0.931771255325266,0.9814156873462695,0.7862585391487126,0.8730641122267876,0.8916196202988713,53346,340,4881,17955,5.0,5,3.0,3,random_forest_ws16_trees1_depth2.pkl,feature_list_ws16_trees1_depth2.txt
ws16,16,1,4,0.9449397927751331,0.9444996210240192,0.995997651955814,0.8173060080574531,0.8978472639807576,0.9493035182222243,53611,75,4172,18664,15.0,15,8.0,8,random_forest_ws16_trees1_depth4.pkl,feature_list_ws16_trees1_depth4.txt
ws16,16,1,8,0.9890002800336041,0.9889443558715141,0.9980070658574146,0.964880014012962,0.9811640023155364,0.9949549455839134,53642,44,802,22034,87.0,87,44.0,44,random_forest_ws16_trees1_depth8.pkl,feature_list_ws16_trees1_depth8.txt
ws16,16,1,16,0.9931503780453654,0.9910221896970806,0.9903041572586001,0.9795060430898581,0.984875503599498,0.9918672695351645,53467,219,468,22368,1157.0,1157,579.0,579,random_forest_ws16_trees1_depth16.pkl,feature_list_ws16_trees1_depth16.txt
ws16,16,1,32,0.9956258751050125,0.9882909490081284,0.9821130350707568,0.9785864424592748,0.9803465672296556,0.9855008664069848,53279,407,489,22347,3849.0,3849,1925.0,1925,random_forest_ws16_trees1_depth32.pkl,feature_list_ws16_trees1_depth32.txt
ws16,16,5,2,0.8389134696163539,0.8345573821907425,0.6560448997117095,0.9367227185146261,0.7716532592619314,0.9613308332890746,42471,11215,1445,21391,6.2,31,3.6,18,random_forest_ws16_trees5_depth2.pkl,feature_list_ws16_trees5_depth2.txt
ws16,16,5,4,0.9863679641556987,0.9864091372415776,0.9966730471242367,0.9576545804869504,0.9767743088123633,0.9919062870997009,53613,73,967,21869,21.8,109,11.4,57,random_forest_ws16_trees5_depth4.pkl,feature_list_ws16_trees5_depth4.txt
ws16,16,5,8,0.991542985158219,0.9914403700896475,0.9983822405967735,0.9728936766509021,0.9854731752755661,0.9960751569950741,53650,36,619,22217,143.8,719,72.4,362,random_forest_ws16_trees5_depth8.pkl,feature_list_ws16_trees5_depth8.txt
ws16,16,5,16,0.9944665359843181,0.9928909333263637,0.9952457122545099,0.9808635487826239,0.9880022936791496,0.9968489959101041,53579,107,437,22399,1262.6,6313,631.8,3159,random_forest_ws16_trees5_depth16.pkl,feature_list_ws16_trees5_depth16.txt
ws16,16,5,32,0.9984710165219827,0.9925642298946709,0.9946683254098725,0.9803380627080049,0.9874512052577024,0.9929536527272528,53566,120,449,22387,3791.4,18957,1896.2,9481,random_forest_ws16_trees5_depth32.pkl,feature_list_ws16_trees5_depth32.txt
ws16,16,10,2,0.8401512181461775,0.8358380596429785,0.6567496643476138,0.9425030653354353,0.7740972521939289,0.9718969475176975,42437,11249,1313,21523,6.6,66,3.8,38,random_forest_ws16_trees10_depth2.pkl,feature_list_ws16_trees10_depth2.txt
ws16,16,10,4,0.9872920750490058,0.9875068607720655,0.9966857350404068,0.9613329830092836,0.9786902055191476,0.9890815690194986,53613,73,883,21953,24.0,240,12.5,125,random_forest_ws16_trees10_depth4.pkl,feature_list_ws16_trees10_depth4.txt
ws16,16,10,8,0.9925735088210585,0.9923551396983874,0.9987000762024295,0.9756524785426519,0.9870417543471037,0.9963394885659095,53657,29,556,22280,155.8,1558,78.4,784,random_forest_ws16_trees10_depth8.pkl,feature_list_ws16_trees10_depth8.txt
ws16,16,10,16,0.9948417810137217,0.9930738872481116,0.9961298932384341,0.9806008057453144,0.9883043516638714,0.9969694022651204,53599,87,443,22393,1360.2,13602,680.6,6806,random_forest_ws16_trees10_depth16.pkl,feature_list_ws16_trees10_depth16.txt
ws16,16,10,32,0.9985438252590311,0.9927471838164188,0.9962581852198317,0.9793746715712034,0.9877442861874793,0.9935369304264307,53602,84,471,22365,3775.4,37754,1888.2,18882,random_forest_ws16_trees10_depth32.pkl,feature_list_ws16_trees10_depth32.txt
ws16,16,25,2,0.8837916549985998,0.8795248425289459,0.7260983628333278,0.9574794184620774,0.825889063060681,0.9709948117834353,45438,8248,971,21865,6.68,167,3.84,96,random_forest_ws16_trees25_depth2.pkl,feature_list_ws16_trees25_depth2.txt
ws16,16,25,4,0.987482497899748,0.9873369749875852,0.9986318237789027,0.9588807146610615,0.9783526573285973,0.9925235634947203,53656,30,939,21897,24.76,619,12.88,322,random_forest_ws16_trees25_depth4.pkl,feature_list_ws16_trees25_depth4.txt
ws16,16,25,8,0.992439092691123,0.9921852539139071,0.9989230907296061,0.9748642494307235,0.9867470413545499,0.9965470073261682,53662,24,574,22262,153.24,3831,77.12,1928,random_forest_ws16_trees25_depth8.pkl,feature_list_ws16_trees25_depth8.txt
ws16,16,25,16,0.9948025763091571,0.9930477509735762,0.9962178517397882,0.9804256437204414,0.9882586625468991,0.9971336191104739,53601,85,447,22389,1374.36,34359,687.68,17192,random_forest_ws16_trees25_depth16.pkl,feature_list_ws16_trees25_depth16.txt
ws16,16,25,32,0.9995295435452254,0.9931392279344502,0.9966166585050973,0.9803380627080049,0.98841034018411,0.9946729256208977,53610,76,449,22387,3788.2,94705,1894.6,47365,random_forest_ws16_trees25_depth32.pkl,feature_list_ws16_trees25_depth32.txt
ws16,16,50,2,0.879215905908709,0.8741930425237187,0.7219626953453201,0.940707654580487,0.8169458652621171,0.967341134917977,45413,8273,1354,21482,6.72,336,3.86,193,random_forest_ws16_trees50_depth2.pkl,feature_list_ws16_trees50_depth2.txt
ws16,16,50,4,0.9877457294875385,0.9876636784192782,0.9994068801897983,0.9592310387108075,0.9789069133485275,0.9928569773094018,53673,13,931,21905,24.4,1220,12.7,635,random_forest_ws16_trees50_depth4.pkl,feature_list_ws16_trees50_depth4.txt
ws16,16,50,8,0.9912629515541865,0.99113980293249,0.9992339581831291,0.9710544753897355,0.9849427023185573,0.996670470843523,53669,17,661,22175,145.76,7288,73.38,3669,random_forest_ws16_trees50_depth8.pkl,feature_list_ws16_trees50_depth8.txt
ws16,16,50,16,0.9948697843741249,0.9932960455816627,0.9964417559934172,0.9810387108074969,0.9886802444890664,0.997270043756313,53606,80,433,22403,1331.68,66584,666.34,33317,random_forest_ws16_trees50_depth16.pkl,feature_list_ws16_trees50_depth16.txt
ws16,16,50,32,0.9998431811817418,0.9932437730325919,0.9970602645761881,0.9802504816955684,0.9885839203303376,0.9952141807966133,53620,66,451,22385,3792.48,189624,1896.74,94837,random_forest_ws16_trees50_depth32.pkl,feature_list_ws16_trees50_depth32.txt
ws32,32,1,2,0.9009389671361502,0.8988002086593636,0.8520573277854832,0.8016528925619835,0.8260869565217391,0.8866506942088809,25245,1600,2280,9215,5.0,5,3.0,3,random_forest_ws32_trees1_depth2.pkl,feature_list_ws32_trees1_depth2.txt
ws32,32,1,4,0.9832215515314107,0.9822378716744914,0.9965105601469237,0.9440626359286647,0.969577842305115,0.9732029903435304,26807,38,643,10852,17.0,17,9.0,9,random_forest_ws32_trees1_depth4.pkl,feature_list_ws32_trees1_depth4.txt
ws32,32,1,8,0.990286161412922,0.9893322900365153,0.9930617327877602,0.9712048716833406,0.982011698992831,0.9901943648760616,26767,78,331,11164,95.0,95,48.0,48,random_forest_ws32_trees1_depth8.pkl,feature_list_ws32_trees1_depth8.txt
ws32,32,1,16,0.9950368879946345,0.9919666145018258,0.9895842450765865,0.9835580687255329,0.9865619546247818,0.9923772553778232,26726,119,189,11306,857.0,857,429.0,429,random_forest_ws32_trees1_depth16.pkl,feature_list_ws32_trees1_depth16.txt
ws32,32,1,32,0.996367091437514,0.9905320813771518,0.9851813110181311,0.9832100913440627,0.9841947141550921,0.9884387204718077,26675,170,193,11302,1661.0,1661,831.0,831,random_forest_ws32_trees1_depth32.pkl,feature_list_ws32_trees1_depth32.txt
ws32,32,5,2,0.9223898949251061,0.9197443922796036,0.8489471066158183,0.8908220965637234,0.8693806511864839,0.9613640369848301,25023,1822,1255,10240,5.8,29,3.4,17,random_forest_ws32_trees5_depth2.pkl,feature_list_ws32_trees5_depth2.txt
ws32,32,5,4,0.9870556673373575,0.9857329160146061,0.9978173881411422,0.9545019573727708,0.9756791605531101,0.9909072842654871,26821,24,523,10972,19.0,95,10.0,50,random_forest_ws32_trees5_depth4.pkl,feature_list_ws32_trees5_depth4.txt
ws32,32,5,8,0.99239883746926,0.9917318727177882,0.9968,0.9755545889517181,0.9860628709606507,0.9962878480695364,26809,36,281,11214,111.4,557,56.2,281,random_forest_ws32_trees5_depth8.pkl,feature_list_ws32_trees5_depth8.txt
ws32,32,5,16,0.996244131455399,0.9940532081377151,0.9962124548577469,0.983906046107003,0.9900210084033614,0.9974107994025274,26802,43,185,11310,857.4,4287,429.2,2146,random_forest_ws32_trees5_depth16.pkl,feature_list_ws32_trees5_depth16.txt
ws32,32,5,32,0.998692152917505,0.9941836202399583,0.9958648601090974,0.9846889952153111,0.9902453960894099,0.994072658344818,26798,47,176,11319,1667.0,8335,834.0,4170,random_forest_ws32_trees5_depth32.pkl,feature_list_ws32_trees5_depth32.txt
ws32,32,10,2,0.8871786273194724,0.8853938445487741,0.7582745326253001,0.9068290561113528,0.8259250455589889,0.9644335925205278,23522,3323,1071,10424,6.2,62,3.6,36,random_forest_ws32_trees10_depth2.pkl,feature_list_ws32_trees10_depth2.txt
ws32,32,10,4,0.9868544600938968,0.9855503390714658,0.9977254117004822,0.9539799913005654,0.9753624477452637,0.9932812868746694,26820,25,529,10966,21.6,216,11.3,113,random_forest_ws32_trees10_depth4.pkl,feature_list_ws32_trees10_depth4.txt
ws32,32,10,8,0.993796109993293,0.9935315597287429,0.9968195070235887,0.9815571987820791,0.9891294818970807,0.9967602894226851,26809,36,212,11283,128.2,1282,64.6,646,random_forest_ws32_trees10_depth8.pkl,feature_list_ws32_trees10_depth8.txt
ws32,32,10,16,0.9963894477978985,0.994470526864893,0.9971798713316296,0.9843410178338408,0.9907188512389458,0.9974930203200416,26813,32,180,11315,896.2,8962,448.6,4486,random_forest_ws32_trees10_depth16.pkl,feature_list_ws32_trees10_depth16.txt
ws32,32,10,32,0.9987256874580819,0.9943401147626499,0.9977052074139453,0.9833840800347977,0.9904928806133625,0.994579774292693,26819,26,191,11304,1657.0,16570,829.0,8290,random_forest_ws32_trees10_depth32.pkl,feature_list_ws32_trees10_depth32.txt
ws32,32,25,2,0.9048736865638274,0.9023735002608242,0.7754014494813131,0.9493692909960852,0.8536117955336541,0.9713155727574672,23684,3161,582,10913,6.52,163,3.76,94,random_forest_ws32_trees25_depth2.pkl,feature_list_ws32_trees25_depth2.txt
ws32,32,25,4,0.9881846635367763,0.9874282733437663,0.9998184623763275,0.9582427142235754,0.978589196872779,0.9942969430212961,26843,2,480,11015,23.56,589,12.28,307,random_forest_ws32_trees25_depth4.pkl,feature_list_ws32_trees25_depth4.txt
ws32,32,25,8,0.9942320590207914,0.9941053729786125,0.9984959745200389,0.9818181818181818,0.99008684972366,0.9968928419727218,26828,17,209,11286,137.08,3427,69.04,1726,random_forest_ws32_trees25_depth8.pkl,feature_list_ws32_trees25_depth8.txt
ws32,32,25,16,0.9963335568969371,0.9946270213875847,0.9978830378406987,0.9841670291431057,0.9909775753328661,0.9976176949317813,26821,24,182,11313,897.96,22449,449.48,11237,random_forest_ws32_trees25_depth16.pkl,feature_list_ws32_trees25_depth16.txt
ws32,32,25,32,0.9995193382517327,0.9943922796035473,0.9974422296701358,0.9838190517616355,0.9905838041431262,0.9952742740189013,26816,29,186,11309,1650.52,41263,825.76,20644,random_forest_ws32_trees25_depth32.pkl,feature_list_ws32_trees25_depth32.txt
ws32,32,50,2,0.9026827632461435,0.9001825769431403,0.7753123653597587,0.9392779469334493,0.8494551748554345,0.974518116706098,23716,3129,698,10797,6.6,330,3.8,190,random_forest_ws32_trees50_depth2.pkl,feature_list_ws32_trees50_depth2.txt
ws32,32,50,4,0.9881175944556226,0.987584767866458,0.9978313906207644,0.9606785558938669,0.9789025795585498,0.9944935042250751,26821,24,452,11043,23.36,1168,12.18,609,random_forest_ws32_trees50_depth4.pkl,feature_list_ws32_trees50_depth4.txt
ws32,32,50,8,0.9942767717415605,0.9941053729786125,0.9984959745200389,0.9818181818181818,0.99008684972366,0.997155126116281,26828,17,209,11286,139.48,6974,70.24,3512,random_forest_ws32_trees50_depth8.pkl,feature_list_ws32_trees50_depth8.txt
ws32,32,50,16,0.9963000223563604,0.9945226917057903,0.9976188376400035,0.9840800347977382,0.9908031882280809,0.9978212574871403,26818,27,183,11312,875.8,43790,438.4,21920,random_forest_ws32_trees50_depth16.pkl,feature_list_ws32_trees50_depth16.txt
ws32,32,50,32,0.9998993963782696,0.9944966092853417,0.9977942473972119,0.9838190517616355,0.9907573700118271,0.9955520742334465,26820,25,186,11309,1657.32,82866,829.16,41458,random_forest_ws32_trees50_depth32.pkl,feature_list_ws32_trees50_depth32.txt
